Description,Sequence,Total Score,dslf_fa13,fa_atr,fa_dun,fa_elec,fa_intra_rep,fa_intra_fa_intra_sol_xover4,fa_rep,fa_sol,hbond_bb_sc,hbond_lr_bb,hbond_sc,hbond_sr_bb,lk_ball_wtd,net_charge,netcharge,omega,p_aa_pp,pro_close,pstat,rama_prepro,ref,yhh_planarity
Re-chained_monomermutate02_design_55,EELEEIGEELGEEGEALGEEAKEGGEAAGSLKKALKLLKKALKLLKKALKLLKKIAEELEEIGEELGEEGEALGEEAKEGGEAAGSLKKALKLLKKALKLLKKALKLLKKIA,-227.640,0.000,-590.151,177.947,-162.806,1.166,17.271,53.453,432.449,0.000,0.000,0.000,-101.941,-23.958,-2.000,0.000,6.351,-12.109,0.000,0.336,-21.528,-3.785,0.000
Re-chained_monomermutate02_design_46,SELEEIAEMLGEEGAMDGEIAIEGEEHDGSLKKALKLLKKALKLLKKALKLLKKIASELEEIAEMLGEEGAMDGEIAIEGEEHDGSLKKALKLLKKALKLLKKALKLLKKIA,-250.330,0.000,-628.079,176.649,-162.940,1.225,16.801,56.381,438.373,-0.583,0.000,0.000,-104.280,-24.237,-2.000,0.000,6.315,-15.492,0.000,0.422,-21.369,10.907,0.000
Re-chained_monomermutate02_design_12,EQLEEDAEEAGELAEMIGEQAELGEEAAGSLKKALKLLKKALKLLKKALKLLKKIAEQLEEDAEEAGELAEMIGEQAELGEEAAGSLKKALKLLKKALKLLKKALKLLKKIA,-253.411,0.000,-609.458,180.156,-155.278,1.198,17.905,51.208,419.720,0.000,0.000,-2.441,-101.455,-23.333,-2.000,0.000,6.088,-15.101,0.000,0.421,-24.892,2.272,0.000
Re-chained_monomermutate02_design_76,EEEEEIAQALGELGELDGQLAEEGEEATGSLKKALKLLKKALKLLKKALKLLKKIAEEEEEIAQALGELGELDGQLAEEGEEATGSLKKALKLLKKALKLLKKALKLLKKIA,-253.529,0.000,-614.016,182.757,-180.829,1.252,21.603,54.509,439.455,0.000,0.000,-8.434,-101.659,-20.317,-2.000,0.000,8.904,-14.288,0.000,0.374,-23.345,0.881,0.000
Re-chained_monomermutate02_design_49,EEEEEIAEQLGADAELLGELDIEGEQASGSLKKALKLLKKALKLLKKALKLLKKIAEEEEEIAEQLGADAELLGELDIEGEQASGSLKKALKLLKKALKLLKKALKLLKKIA,-253.955,0.000,-625.334,181.925,-170.698,1.235,19.179,55.194,444.205,0.000,0.000,-2.797,-102.944,-22.599,-2.000,0.000,7.106,-16.047,0.000,0.382,-24.545,2.167,0.000
Re-chained_monomermutate02_design_10,ELEDEIALEDGELGELLGELAEIGAEESGSLKKALKLLKKALKLLKKALKLLKKIAELEDEIALEDGELGELLGELAEIGAEESGSLKKALKLLKKALKLLKKALKLLKKIA,-257.090,0.000,-614.897,169.246,-178.902,1.277,19.281,58.371,433.232,0.000,0.000,-5.319,-99.213,-21.640,-2.000,0.000,6.835,-16.612,0.000,0.321,-22.313,13.564,0.000
Re-chained_monomermutate02_design_58,ELELEIAQMLGEIAQLDGEEDAIGEEEDGSLKKALKLLKKALKLLKKALKLLKKIAELELEIAQMLGEIAQLDGEEDAIGEEEDGSLKKALKLLKKALKLLKKALKLLKKIA,-259.588,0.000,-628.234,180.863,-189.648,1.315,22.421,56.939,451.997,-4.245,0.000,-5.622,-101.188,-21.579,-2.000,0.000,6.837,-14.786,0.000,0.401,-23.834,9.177,0.000
Re-chained_monomermutate02_design_25,EKEDEIAEELGELGQILGEEAEEGEAQDGSLKKALKLLKKALKLLKKALKLLKKIAEKEDEIAEELGELGQILGEEAEEGEAQDGSLKKALKLLKKALKLLKKALKLLKKIA,-260.377,0.000,-617.023,187.729,-193.715,1.236,21.919,61.888,450.412,-4.034,0.000,-7.128,-101.013,-18.441,-2.000,0.000,6.123,-15.473,0.000,0.358,-24.348,-8.508,0.000
Re-chained_monomermutate02_design_60,EELEEDAELAGEIAELIGQLDEEGAQETGSLKKALKLLKKALKLLKKALKLLKKIAEELEEDAELAGEIAELIGQLDEEGAQETGSLKKALKLLKKALKLLKKALKLLKKIA,-260.410,0.000,-623.006,175.646,-172.623,1.254,19.623,54.866,440.920,0.000,0.000,-5.721,-102.220,-21.089,-2.000,0.000,7.388,-16.185,0.000,0.369,-24.313,5.050,0.000
Re-chained_monomermutate02_design_77,EEELEIAIMLGEIAELMEEQAIIGEEEDGSLKKALKLLKKALKLLKKALKLLKKIAEEELEIAIMLGEIAELMEEQAIIGEEEDGSLKKALKLLKKALKLLKKALKLLKKIA,-261.409,0.000,-643.307,178.691,-167.204,1.405,21.055,60.568,433.184,0.000,0.000,0.000,-102.864,-24.309,-2.000,0.000,8.086,-18.854,0.000,0.404,-25.233,17.374,0.000
Re-chained_monomermutate02_design_39,EAEEEIGKMLGELAAEIGEQAEEGEEEDGSLKKALKLLKKALKLLKKALKLLKKIAEAEEEIGKMLGELAAEIGEQAEEGEEEDGSLKKALKLLKKALKLLKKALKLLKKIA,-261.606,0.000,-613.677,183.931,-187.590,1.212,21.427,57.013,442.366,-4.054,0.000,0.000,-100.432,-23.387,-2.000,0.000,6.160,-15.206,0.000,0.389,-25.248,-4.123,0.000
Re-chained_monomermutate02_design_3,SEEEEIGIELGEIAEELYLLDELGAQEDGSLKKALKLLKKALKLLKKALKLLKKIASEEEEIGIELGEIAEELYLLDELGAQEDGSLKKALKLLKKALKLLKKALKLLKKIA,-261.735,0.000,-639.139,178.088,-186.649,1.356,20.611,59.047,461.522,-5.224,0.000,0.000,-102.920,-22.311,-2.000,0.000,7.340,-16.400,0.000,0.378,-25.922,8.865,0.000
Re-chained_monomermutate02_design_36,SEELEIGEMLGEIAEEDYEIDLLGEEQTGSLKKALKLLKKALKLLKKALKLLKKIASEELEIGEMLGEIAEEDYEIDLLGEEQTGSLKKALKLLKKALKLLKKALKLLKKIA,-262.327,0.000,-639.028,174.895,-167.773,1.365,18.764,56.925,450.464,-0.665,0.000,0.000,-104.324,-26.244,-2.000,0.000,6.996,-15.613,0.000,0.318,-26.601,8.511,0.000
Re-chained_monomermutate02_design_96,EEDEEIGKMLGELGEMLAELEQEGEEQDGSLKKALKLLKKALKLLKKALKLLKKIAEEDEEIGKMLGELGEMLAELEQEGEEQDGSLKKALKLLKKALKLLKKALKLLKKIA,-262.820,0.000,-627.608,188.359,-192.351,1.261,19.422,58.407,452.747,-4.455,0.000,-2.247,-100.089,-19.718,-2.000,0.000,6.731,-11.747,0.000,0.409,-23.069,-8.462,0.000
Re-chained_monomermutate02_design_54,EELLEIGEMLGEEAQEIGALAEEGEEADGSLKKALKLLKKALKLLKKALKLLKKIAEELLEIGEMLGEEAQEIGALAEEGEEADGSLKKALKLLKKALKLLKKALKLLKKIA,-263.763,0.000,-617.799,177.990,-171.938,1.226,16.380,56.999,424.931,-4.596,0.000,0.000,-101.122,-21.811,-2.000,0.000,6.269,-15.171,0.000,0.434,-24.523,9.402,0.000
Re-chained_monomermutate02_design_11,SEEEEIGEELGEIAEIIGELAEIGAEEAGSLKKALKLLKKALKLLKKALKLLKKIASEEEEIGEELGEIAEIIGELAEIGAEEAGSLKKALKLLKKALKLLKKALKLLKKIA,-263.983,0.000,-620.078,173.113,-162.023,1.343,17.486,56.217,415.146,-0.640,0.000,0.000,-100.643,-21.976,-2.000,0.000,6.416,-17.735,0.000,0.334,-25.037,14.428,0.000
Re-chained_monomermutate02_design_62,SEELEIAEEDGEIALMLREEAIEGEEQDGSLKKALKLLKKALKLLKKALKLLKKIASEELEIAEEDGEIALMLREEAIEGEEQDGSLKKALKLLKKALKLLKKALKLLKKIA,-264.721,0.000,-631.148,188.967,-196.306,1.341,25.189,55.804,463.006,-3.652,0.000,-6.561,-101.316,-22.517,-2.000,0.000,6.139,-17.741,0.000,0.390,-25.711,-0.216,0.000
Re-chained_monomermutate02_design_34,EELEEIAAMLGEIAAEDGEEAAEGEAQDGSLKKALKLLKKALKLLKKALKLLKKIAEELEEIAAMLGEIAAEDGEEAAEGEAQDGSLKKALKLLKKALKLLKKALKLLKKIA,-265.623,0.000,-611.559,174.628,-178.410,1.176,20.104,57.716,424.304,-4.248,0.000,-3.013,-100.444,-20.559,-2.000,0.000,6.746,-15.766,0.000,0.376,-26.564,10.265,0.000
Re-chained_monomermutate02_design_44,EEEEEIATELGLEAEEMGELAELIESQGGSLKKALKLLKKALKLLKKALKLLKKIAEEEEEIATELGLEAEEMGELAELIESQGGSLKKALKLLKKALKLLKKALKLLKKIA,-265.729,0.000,-635.627,179.283,-173.430,1.269,18.459,55.928,445.915,0.000,0.000,-3.376,-102.365,-21.821,-2.000,0.000,7.393,-17.460,0.000,0.300,-25.620,5.722,0.000
Re-chained_monomermutate02_design_57,SELEENAEIMGAIAELEEEEAILGELEDGSLKKALKLLKKALKLLKKALKLLKKIASELEENAEIMGAIAELEEEEAILGELEDGSLKKALKLLKKALKLLKKALKLLKKIA,-267.027,0.000,-637.370,175.112,-174.479,1.290,17.916,57.815,449.017,-4.870,0.000,0.000,-101.031,-20.060,-2.000,0.000,4.161,-18.588,0.000,0.411,-26.398,10.458,0.000
Re-chained_monomermutate02_design_47,EELELIAILLGEEAELLEAIAEEGEEQDGSLKKALKLLKKALKLLKKALKLLKKIAEELELIAILLGEEAELLEAIAEEGEEQDGSLKKALKLLKKALKLLKKALKLLKKIA,-267.303,0.000,-635.018,176.344,-175.134,1.374,18.731,63.949,430.445,-3.904,0.000,0.000,-99.254,-20.999,-2.000,0.000,6.578,-17.748,0.000,0.376,-26.813,14.148,0.000
Re-chained_monomermutate02_design_81,SLLEEIAEMDEEIAALDEAEAEVGAEQDGSLKKALKLLKKALKLLKKALKLLKKIASLLEEIAEMDEEIAALDEAEAEVGAEQDGSLKKALKLLKKALKLLKKALKLLKKIA,-267.962,0.000,-625.997,172.274,-176.007,1.231,18.690,59.668,435.588,-4.994,0.000,0.000,-99.270,-23.268,-2.000,0.000,7.014,-17.730,0.000,0.413,-28.770,13.610,0.000
Re-chained_monomermutate02_design_21,DLLEQIGEMLGEIAEMIGEQDAEGEEEDGSLKKALKLLKKALKLLKKALKLLKKIADLLEQIGEMLGEIAEMIGEQDAEGEEEDGSLKKALKLLKKALKLLKKALKLLKKIA,-268.413,0.000,-637.655,184.010,-176.885,1.297,20.518,59.796,433.345,-4.368,0.000,-1.706,-100.925,-23.414,-2.000,0.000,5.691,-14.601,0.000,0.446,-21.631,8.115,0.000
Re-chained_monomermutate02_design_72,EELELIGEELGEIAEMIGEQATEGEEQDGSLKKALKLLKKALKLLKKALKLLKKIAEELELIGEELGEIAEMIGEQATEGEEQDGSLKKALKLLKKALKLLKKALKLLKKIA,-268.426,0.000,-626.884,181.462,-176.079,1.315,19.391,58.129,427.696,-4.529,0.000,0.000,-100.394,-22.364,-2.000,0.000,6.961,-15.340,0.000,0.358,-22.579,4.789,0.000
Re-chained_monomermutate02_design_61,EEELLIAEIDGEIAEMIEEEAAIGAEADGSLKKALKLLKKALKLLKKALKLLKKIAEEELLIAEIDGEIAEMIEEEAAIGAEADGSLKKALKLLKKALKLLKKALKLLKKIA,-268.670,0.000,-625.926,170.541,-178.341,1.354,19.703,56.888,429.943,-4.563,0.000,0.000,-102.005,-21.061,-2.000,0.000,6.600,-17.997,0.000,0.407,-26.550,22.744,0.000
Re-chained_monomermutate02_design_1,ELNEEIAEMLGEDAELLEAMAELGEEMDGSLKKALKLLKKALKLLKKALKLLKKIAELNEEIAEMLGEDAELLEAMAELGEEMDGSLKKALKLLKKALKLLKKALKLLKKIA,-269.108,0.000,-639.121,177.665,-171.502,1.273,17.789,63.302,426.043,-4.024,0.000,0.000,-99.241,-21.030,-2.000,0.000,6.789,-14.787,0.000,0.412,-25.195,12.933,0.000
Re-chained_monomermutate02_design_68,DLDEEIAEMDGEIAEELYENAVLGELETGSLKKALKLLKKALKLLKKALKLLKKIADLDEEIAEMDGEIAEELYENAVLGELETGSLKKALKLLKKALKLLKKALKLLKKIA,-269.712,0.000,-641.447,173.753,-166.674,1.324,17.691,56.772,439.209,-0.500,0.000,0.000,-101.830,-26.716,-2.000,0.000,3.730,-16.303,0.000,0.440,-23.569,14.849,0.000
Re-chained_monomermutate02_design_17,EEAEEDAEMLGEIAALIEAMAEVGEEADGSLKKALKLLKKALKLLKKALKLLKKIAEEAEEDAEMLGEIAALIEAMAEVGEEADGSLKKALKLLKKALKLLKKALKLLKKIA,-269.750,0.000,-621.559,171.001,-170.458,1.226,16.544,62.688,411.350,-4.545,0.000,0.000,-101.164,-18.358,-2.000,0.000,7.449,-16.140,0.000,0.437,-27.954,20.171,0.000
Re-chained_monomermutate02_design_43,DEEEQIGEMDGEIGEMLGELAAENAQEDGSLKKALKLLKKALKLLKKALKLLKKIADEEEQIGEMDGEIGEMLGELAAENAQEDGSLKKALKLLKKALKLLKKALKLLKKIA,-269.827,0.000,-627.409,187.219,-194.313,1.247,21.210,55.929,442.532,-5.843,0.000,-0.878,-102.657,-22.549,-2.000,0.000,8.393,-12.955,0.000,0.471,-19.907,0.154,0.000
Re-chained_monomermutate02_design_4,EEEEEDAELLGEIAEMLEEQIEIGAAQAGSLKKALKLLKKALKLLKKALKLLKKIAEEEEEDAELLGEIAEMLEEQIEIGAAQAGSLKKALKLLKKALKLLKKALKLLKKIA,-270.424,0.000,-646.993,180.925,-162.590,1.319,20.817,61.596,426.835,0.000,0.000,0.000,-99.013,-23.709,-2.000,0.000,7.677,-16.473,0.000,0.425,-28.054,7.241,0.000
Re-chained_monomermutate02_design_32,ELEEEIATLNGEIATELELLAEEGEELDGSLKKALKLLKKALKLLKKALKLLKKIAELEEEIATLNGEIATELELLAEEGEELDGSLKKALKLLKKALKLLKKALKLLKKIA,-271.173,0.000,-625.161,173.403,-184.943,1.340,20.930,55.628,436.609,-3.926,0.000,0.000,-99.359,-21.785,-2.000,0.000,7.103,-15.743,0.000,0.387,-26.986,11.719,0.000
Re-chained_monomermutate02_design_84,EEDEEIGAELGALAEELAELQAIGEQEDGSLKKALKLLKKALKLLKKALKLLKKIAEEDEEIGAELGALAEELAELQAIGEQEDGSLKKALKLLKKALKLLKKALKLLKKIA,-271.189,0.000,-636.998,175.939,-170.709,1.227,17.690,64.617,434.794,-3.933,0.000,0.000,-100.432,-22.542,-2.000,0.000,7.918,-17.044,0.000,0.393,-27.110,5.396,0.000
Re-chained_monomermutate02_design_56,ELLEEIAEMLGEEAALLEVEAEIGEELDGSLKKALKLLKKALKLLKKALKLLKKIAELLEEIAEMLGEEAALLEVEAEIGEELDGSLKKALKLLKKALKLLKKALKLLKKIA,-271.409,0.000,-638.367,179.229,-170.190,1.343,18.653,63.210,418.959,-4.164,0.000,0.000,-101.430,-21.708,-2.000,0.000,6.888,-17.636,0.000,0.428,-27.240,21.042,0.000
Re-chained_monomermutate02_design_64,SEEEEDAALLGAIAEELEEIAIEGAQEDGSLKKALKLLKKALKLLKKALKLLKKIASEEEEDAALLGAIAEELEEIAIEGAQEDGSLKKALKLLKKALKLLKKALKLLKKIA,-271.882,0.000,-628.359,171.591,-181.253,1.250,19.472,62.377,441.991,-4.320,0.000,0.000,-101.895,-21.431,-2.000,0.000,5.557,-18.833,0.000,0.346,-28.083,10.056,0.000
Re-chained_monomermutate02_design_45,EQLELDGEMLGELAAEMEELAQENEEADGSLKKALKLLKKALKLLKKALKLLKKIAEQLELDGEMLGELAAEMEELAQENEEADGSLKKALKLLKKALKLLKKALKLLKKIA,-271.886,0.000,-650.492,191.219,-177.640,1.232,20.369,63.133,446.993,-4.506,0.000,-5.795,-101.736,-22.373,-2.000,0.000,7.473,-12.889,0.000,0.493,-26.080,-0.793,0.000
Re-chained_monomermutate02_design_15,EEEEKIAEMLGEIAEEIGEEAALGEEQDGSLKKALKLLKKALKLLKKALKLLKKIAEEEEKIAEMLGEIAEEIGEEAALGEEQDGSLKKALKLLKKALKLLKKALKLLKKIA,-272.251,0.000,-636.704,187.140,-188.027,1.269,21.577,60.790,448.598,-4.511,0.000,0.000,-103.408,-22.651,-2.000,0.000,7.256,-16.597,0.000,0.393,-25.872,-1.111,0.000
Re-chained_monomermutate02_design_42,ELAEEIAEELGEIAELLEAIELEGEAEAGSLKKALKLLKKALKLLKKALKLLKKIAELAEEIAEELGEIAELLEAIELEGEAEAGSLKKALKLLKKALKLLKKALKLLKKIA,-273.253,0.000,-639.105,172.018,-153.872,1.298,15.909,61.262,420.866,0.000,0.000,0.000,-102.579,-24.873,-2.000,0.000,6.305,-18.276,0.000,0.310,-30.073,17.868,0.000
Re-chained_monomermutate02_design_91,EELEQIGEALGELGELLGELAELAEEEDGSLKKALKLLKKALKLLKKALKLLKKIAEELEQIGEALGELGELLGELAELAEEEDGSLKKALKLLKKALKLLKKALKLLKKIA,-273.674,0.000,-624.661,175.481,-168.124,1.258,18.433,62.582,411.958,-4.170,0.000,0.000,-101.724,-22.236,-2.000,0.000,8.591,-16.365,0.000,0.439,-23.496,8.799,0.000
Re-chained_monomermutate02_design_66,EAEEEIGEMLGRLAEEDELLVIWGEEEDGSLKKALKLLKKALKLLKKALKLLKKIAEAEEEIGEMLGRLAEEDELLVIWGEEEDGSLKKALKLLKKALKLLKKALKLLKKIA,-274.123,0.000,-650.669,192.626,-200.091,1.354,20.446,65.867,448.856,-3.204,0.000,-6.096,-98.695,-22.351,-2.000,0.000,5.947,-15.302,0.000,0.397,-23.544,10.735,0.000
Re-chained_monomermutate02_design_65,ELNEEIGRILGEIAEELEELAELGEEEDGSLKKALKLLKKALKLLKKALKLLKKIAELNEEIGRILGEIAEELEELAELGEEEDGSLKKALKLLKKALKLLKKALKLLKKIA,-274.753,0.000,-633.155,182.285,-182.011,1.368,21.403,58.867,440.256,-4.091,0.000,-5.069,-100.902,-21.008,-2.000,0.000,6.076,-16.062,0.000,0.384,-24.416,1.705,0.000
Re-chained_monomermutate02_design_24,EEEEEIAALLGEIAEEIGELAAVGEQEDGSLKKALKLLKKALKLLKKALKLLKKIAEEEEEIAALLGEIAEEIGELAAVGEQEDGSLKKALKLLKKALKLLKKALKLLKKIA,-274.875,0.000,-627.228,176.353,-180.683,1.307,19.882,61.283,424.866,-4.475,0.000,0.000,-101.841,-20.527,-2.000,0.000,7.389,-18.623,0.000,0.410,-26.289,13.710,0.000
Re-chained_monomermutate02_design_38,EEEEEIGEMLGELAEQLAAEQELDALADGSLKKALKLLKKALKLLKKALKLLKKIAEEEEEIGEMLGELAEQLAAEQELDALADGSLKKALKLLKKALKLLKKALKLLKKIA,-275.315,0.000,-669.571,188.785,-177.436,1.231,18.984,66.605,455.879,-4.159,0.000,-1.485,-101.624,-21.470,-2.000,0.000,8.622,-16.836,0.000,0.510,-28.669,5.829,0.000
Re-chained_monomermutate02_design_5,EELLEEAEIAGEIAALLEALAELGEEEDGSLKKALKLLKKALKLLKKALKLLKKIAEELLEEAEIAGEIAALLEALAELGEEEDGSLKKALKLLKKALKLLKKALKLLKKIA,-275.560,0.000,-618.929,171.313,-171.273,1.283,19.066,59.828,409.725,-4.087,0.000,0.000,-99.117,-20.041,-2.000,0.000,6.863,-19.101,0.000,0.416,-28.832,17.741,0.000
Re-chained_monomermutate02_design_26,EEEDEIAEMLGRIAEEIGELDEIDAEQGGSLKKALKLLKKALKLLKKALKLLKKIAEEEDEIAEMLGRIAEEIGELDEIDAEQGGSLKKALKLLKKALKLLKKALKLLKKIA,-275.934,0.000,-639.899,179.878,-175.204,1.316,19.015,56.374,443.684,0.000,0.000,-4.175,-101.849,-23.411,-2.000,0.000,5.740,-17.294,0.000,0.405,-24.512,4.402,0.000
Re-chained_monomermutate02_design_92,EELLEDAEMLGEIAELIEQMDAIGEEQDGSLKKALKLLKKALKLLKKALKLLKKIAEELLEDAEMLGEIAELIEQMDAIGEEQDGSLKKALKLLKKALKLLKKALKLLKKIA,-276.006,0.000,-650.175,183.117,-184.814,1.343,21.663,64.954,439.302,-4.525,0.000,-3.225,-100.711,-19.971,-2.000,0.000,7.031,-15.448,0.000,0.431,-25.442,10.895,0.000
Re-chained_monomermutate02_design_18,EELEEIAELLGKIAELIEEEAEIGEEEAGSLKKALKLLKKALKLLKKALKLLKKIAEELEEIAELLGKIAELIEEEAEIGEEEAGSLKKALKLLKKALKLLKKALKLLKKIA,-276.448,0.000,-637.205,177.959,-155.540,1.348,18.133,60.420,413.866,0.000,0.000,0.000,-101.333,-22.972,-2.000,0.000,7.157,-18.219,0.000,0.347,-27.038,6.975,0.000
Re-chained_monomermutate02_design_19,EEELLIGEMNGELAETMEAIAEMEAEEDGSLKKALKLLKKALKLLKKALKLLKKIAEEELLIGEMNGELAETMEAIAEMEAEEDGSLKKALKLLKKALKLLKKALKLLKKIA,-276.853,0.000,-661.775,184.193,-178.136,1.276,19.889,61.251,446.615,-4.015,0.000,0.000,-101.606,-21.385,-2.000,0.000,6.184,-15.896,0.000,0.535,-25.489,12.040,0.000
Re-chained_monomermutate02_design_78,DLELQIAELLGEIAEEDEEIVEIGEEAAGSLKKALKLLKKALKLLKKALKLLKKIADLELQIAELLGEIAEEDEEIVEIGEEAAGSLKKALKLLKKALKLLKKALKLLKKIA,-277.096,0.000,-655.523,175.759,-163.440,1.381,18.591,67.347,423.701,0.000,0.000,-2.209,-103.320,-22.042,-2.000,0.000,6.785,-16.877,0.000,0.400,-25.803,18.552,0.000
Re-chained_monomermutate02_design_88,EEELEIAIMLGEDAELLYLLEIEGEEVDGSLKKALKLLKKALKLLKKALKLLKKIAEEELEIAIMLGEDAELLYLLEIEGEEVDGSLKKALKLLKKALKLLKKALKLLKKIA,-277.397,0.000,-651.352,176.005,-183.792,1.443,19.414,61.648,443.652,-4.457,0.000,0.000,-102.889,-22.208,-2.000,0.000,6.917,-18.460,0.000,0.428,-25.992,22.673,0.000
Re-chained_monomermutate02_design_82,ELEEEIAIMDGEIAELLAALAEEGEEADGSLKKALKLLKKALKLLKKALKLLKKIAELEEEIAIMDGEIAELLAALAEEGEEADGSLKKALKLLKKALKLLKKALKLLKKIA,-277.721,0.000,-623.771,169.664,-177.734,1.291,18.361,59.142,421.017,-4.545,0.000,0.000,-102.203,-20.973,-2.000,0.000,6.259,-17.252,0.000,0.395,-27.152,20.175,0.000
Re-chained_monomermutate02_design_41,SLEEEIGEMLGELAEMLEELAELGEEQDGSLKKALKLLKKALKLLKKALKLLKKIASLEEEIGEMLGELAEMLEELAELGEEQDGSLKKALKLLKKALKLLKKALKLLKKIA,-279.009,0.000,-634.200,180.190,-176.929,1.266,19.552,61.485,424.111,-4.570,0.000,0.000,-101.303,-22.400,-2.000,0.000,7.067,-15.718,0.000,0.393,-24.839,7.280,0.000
Re-chained_monomermutate02_design_50,EELEEIAEILGEDAWLLYLLAELGEEEDGSLKKALKLLKKALKLLKKALKLLKKIAEELEEIAEILGEDAWLLYLLAELGEEEDGSLKKALKLLKKALKLLKKALKLLKKIA,-279.322,0.000,-641.210,175.010,-172.134,1.382,19.654,64.114,416.569,-4.145,0.000,0.000,-100.090,-20.981,-2.000,0.000,6.958,-17.691,0.000,0.394,-26.718,19.960,0.000
Re-chained_monomermutate02_design_83,EEELEIAELLEEDAILLEQLAELGAQEDGSLKKALKLLKKALKLLKKALKLLKKIAEEELEIAELLEEDAILLEQLAELGAQEDGSLKKALKLLKKALKLLKKALKLLKKIA,-279.738,0.000,-633.774,180.480,-181.172,1.340,22.477,60.845,430.300,-4.208,0.000,-3.684,-101.830,-20.776,-2.000,0.000,7.342,-18.236,0.000,0.374,-28.364,9.522,0.000
Re-chained_monomermutate02_design_29,EELLEIAEELGEIAAMLEEQAEEGENQDGSLKKALKLLKKALKLLKKALKLLKKIAEELLEIAEELGEIAAMLEEQAEEGENQDGSLKKALKLLKKALKLLKKALKLLKKIA,-280.218,0.000,-638.260,186.892,-175.540,1.299,21.567,61.602,424.479,-4.444,0.000,-3.234,-100.014,-20.376,-2.000,0.000,8.259,-15.785,0.000,0.432,-27.291,0.627,0.000
Re-chained_monomermutate02_design_87,DELEQIAEILGEIAALLEEEDKLGEEEDGSLKKALKLLKKALKLLKKALKLLKKIADELEQIAEILGEIAALLEEEDKLGEEEDGSLKKALKLLKKALKLLKKALKLLKKIA,-280.750,0.000,-640.525,183.570,-190.741,1.340,21.404,63.514,442.039,-4.247,0.000,-2.206,-100.765,-19.306,-2.000,0.000,5.825,-17.304,0.000,0.399,-26.962,3.612,0.000
Re-chained_monomermutate02_design_74,ELEDEIAEMDGEMAAIDLEIALLGEEVDGSLKKALKLLKKALKLLKKALKLLKKIAELEDEIAEMDGEMAAIDLEIALLGEEVDGSLKKALKLLKKALKLLKKALKLLKKIA,-281.067,0.000,-648.184,169.930,-187.045,1.317,18.709,63.992,435.182,-3.286,0.000,0.000,-102.319,-21.269,-2.000,0.000,7.333,-15.929,0.000,0.447,-25.289,25.791,0.000
Re-chained_monomermutate02_design_59,DEEEKIGEMDGEIAEMLEALATENEELDGSLKKALKLLKKALKLLKKALKLLKKIADEEEKIGEMDGEIAEMLEALATENEELDGSLKKALKLLKKALKLLKKALKLLKKIA,-281.663,0.000,-647.994,187.087,-194.719,1.297,20.776,62.805,450.506,-4.039,0.000,-1.102,-101.028,-25.429,-2.000,0.000,7.105,-14.557,0.000,0.457,-23.884,1.513,0.000
Re-chained_monomermutate02_design_70,EEEEIIAAIMGEIAALLEEIAEEGEEQDGSLKKALKLLKKALKLLKKALKLLKKIAEEEEIIAAIMGEIAALLEEIAEEGEEQDGSLKKALKLLKKALKLLKKALKLLKKIA,-281.751,0.000,-631.615,177.755,-175.054,1.341,19.594,60.814,415.240,-4.194,0.000,0.000,-100.370,-20.749,-2.000,0.000,5.288,-18.679,0.000,0.394,-27.157,16.035,0.000
Re-chained_monomermutate02_design_94,EEEEEIAEMNGEIATLMELLAQEGEEQDGSLKKALKLLKKALKLLKKALKLLKKIAEEEEEIAEMNGEIATLMELLAQEGEEQDGSLKKALKLLKKALKLLKKALKLLKKIA,-281.802,0.000,-643.303,190.915,-197.177,1.301,22.352,60.954,447.432,-4.418,0.000,-3.688,-101.420,-22.267,-2.000,0.000,8.271,-15.355,0.000,0.450,-25.671,0.272,0.000
Re-chained_monomermutate02_design_28,EEEEEIAEMLGEIAEILARMEEEGALDDGSLKKALKLLKKALKLLKKALKLLKKIAEEEEEIAEMLGEIAEILARMEEEGALDDGSLKKALKLLKKALKLLKKALKLLKKIA,-281.891,0.000,-654.980,185.865,-200.172,1.349,20.635,67.561,448.946,-4.215,0.000,-4.196,-98.613,-18.444,-2.000,0.000,8.939,-16.673,0.000,0.445,-27.120,9.229,0.000
Re-chained_monomermutate02_design_40,EEDLEIAEMLGQIAEELLELQEIGEEADGSLKKALKLLKKALKLLKKALKLLKKIAEEDLEIAEMLGQIAEELLELQEIGEEADGSLKKALKLLKKALKLLKKALKLLKKIA,-284.391,0.000,-653.388,184.113,-176.277,1.352,19.238,66.602,432.532,-4.595,0.000,-4.090,-101.844,-20.975,-2.000,0.000,7.268,-17.160,0.000,0.485,-26.914,9.746,0.000
Re-chained_monomermutate02_design_33,DELEQIAEELGLIAQMLAEDDEIGAEEDGSLKKALKLLKKALKLLKKALKLLKKIADELEQIAEELGLIAQMLAEDDEIGAEEDGSLKKALKLLKKALKLLKKALKLLKKIA,-284.417,0.000,-650.092,179.896,-181.842,1.315,19.568,62.249,439.603,-4.082,0.000,-2.288,-100.363,-22.009,-2.000,0.000,5.172,-15.559,0.000,0.369,-27.371,11.387,0.000
Re-chained_monomermutate02_design_67,EEELKDAALMGEIAETDEEIAEEIEQETGSLKKALKLLKKALKLLKKALKLLKKIAEEELKDAALMGEIAETDEEIAEEIEQETGSLKKALKLLKKALKLLKKALKLLKKIA,-284.529,0.000,-655.519,182.964,-180.246,1.302,20.936,61.354,455.345,0.000,0.000,-2.955,-101.207,-26.057,-2.000,0.000,4.256,-18.316,0.000,0.485,-27.847,1.461,0.000
Re-chained_monomermutate02_design_63,EELELIAEMNGEIAELLKELEAEGEEEDGSLKKALKLLKKALKLLKKALKLLKKIAEELELIAEMNGEIAELLKELEAEGEEEDGSLKKALKLLKKALKLLKKALKLLKKIA,-284.741,0.000,-641.273,185.276,-173.747,1.296,19.376,58.899,433.329,-4.408,0.000,0.000,-101.803,-24.610,-2.000,0.000,6.349,-16.559,0.000,0.443,-27.093,0.226,0.000
Re-chained_monomermutate02_design_48,SEEDEIAEMLGAIAEIIEEEAQMGEEQDGSLKKALKLLKKALKLLKKALKLLKKIASEEDEIAEMLGAIAEIIEEEAQMGEEQDGSLKKALKLLKKALKLLKKALKLLKKIA,-284.849,0.000,-644.020,184.912,-200.910,1.317,22.886,63.061,447.562,-4.922,0.000,-4.229,-101.012,-19.543,-2.000,0.000,8.062,-17.799,0.000,0.433,-26.661,6.446,0.000
Re-chained_monomermutate02_design_52,DELEEIAQLLGEIAQLIGELDAEGEEEDGSLKKALKLLKKALKLLKKALKLLKKIADELEEIAQLLGEIAQLIGELDAEGEEEDGSLKKALKLLKKALKLLKKALKLLKKIA,-284.975,0.000,-639.721,180.045,-180.426,1.334,22.029,60.596,429.619,-4.357,0.000,-7.850,-100.418,-19.070,-2.000,0.000,6.352,-16.691,0.000,0.401,-25.602,9.185,0.000
Re-chained_monomermutate02_design_71,DEDLEIAAMDGEIAELLELLAEINEEQDGSLKKALKLLKKALKLLKKALKLLKKIADEDLEIAAMDGEIAELLELLAEINEEQDGSLKKALKLLKKALKLLKKALKLLKKIA,-285.219,0.000,-656.701,175.624,-171.574,1.329,18.858,66.548,431.922,-4.387,0.000,0.000,-101.475,-23.118,-2.000,0.000,8.102,-17.344,0.000,0.482,-26.338,13.335,0.000
Re-chained_monomermutate02_design_89,SELLAIAAENEEIAELMEELEKEGEEEDGSLKKALKLLKKALKLLKKALKLLKKIASELLAIAAENEEIAELMEELEKEGEEEDGSLKKALKLLKKALKLLKKALKLLKKIA,-285.349,0.000,-641.102,183.230,-183.746,1.261,19.240,58.949,447.543,-4.957,0.000,0.000,-101.215,-23.119,-2.000,0.000,7.119,-17.401,0.000,0.428,-28.528,-2.624,0.000
Re-chained_monomermutate02_design_23,EELLEIAEMLGEIAALLEEEEEIGEQQDGSLKKALKLLKKALKLLKKALKLLKKIAEELLEIAEMLGEIAALLEEEEEIGEQQDGSLKKALKLLKKALKLLKKALKLLKKIA,-285.906,0.000,-657.817,186.082,-181.359,1.355,22.792,65.806,436.210,-4.181,0.000,-3.562,-100.435,-19.866,-2.000,0.000,6.342,-17.802,0.000,0.488,-28.059,8.588,0.000
Re-chained_monomermutate02_design_95,EEEEEIAQMLGEIAEILEELDKEGAEQDGSLKKALKLLKKALKLLKKALKLLKKIAEEEEEIAQMLGEIAEILEELDKEGAEQDGSLKKALKLLKKALKLLKKALKLLKKIA,-286.056,0.000,-645.114,188.646,-187.749,1.321,22.522,60.096,445.110,-4.192,0.000,-3.988,-100.234,-21.354,-2.000,0.000,6.002,-16.247,0.000,0.412,-27.096,-3.778,0.000
Re-chained_monomermutate02_design_9,SELLEIAAMDGEIAELLEELEEVGAEEDGSLKKALKLLKKALKLLKKALKLLKKIASELLEIAAMDGEIAELLEELEEVGAEEDGSLKKALKLLKKALKLLKKALKLLKKIA,-286.739,0.000,-632.151,173.359,-187.710,1.301,18.021,59.550,427.586,-4.812,0.000,-2.209,-100.619,-21.469,-2.000,0.000,6.621,-17.321,0.000,0.420,-25.184,18.297,0.000
Re-chained_monomermutate02_design_6,DEEEEIAQMNGEIAELLEELAKEGEEADGSLKKALKLLKKALKLLKKALKLLKKIADEEEEIAQMNGEIAELLEELAKEGEEADGSLKKALKLLKKALKLLKKALKLLKKIA,-287.353,0.000,-631.129,189.056,-193.053,1.271,22.080,58.452,439.595,-4.543,0.000,-3.999,-102.543,-19.932,-2.000,0.000,6.430,-16.047,0.000,0.424,-27.475,-5.515,0.000
Re-chained_monomermutate02_design_100,EEEDEIAIELGEIAELLEELAKIGEEQDGSLKKALKLLKKALKLLKKALKLLKKIAEEEDEIAIELGEIAELLEELAKIGEEQDGSLKKALKLLKKALKLLKKALKLLKKIA,-287.655,0.000,-645.657,183.082,-192.647,1.364,21.273,69.740,436.946,-4.200,0.000,0.000,-101.503,-21.411,-2.000,0.000,8.690,-19.020,0.000,0.399,-28.051,3.739,0.000
Re-chained_monomermutate02_design_16,SEELAIGEEDGETAEILEWLAEMFEELDGSLKKALKLLKKALKLLKKALKLLKKIASEELAIGEEDGETAEILEWLAEMFEELDGSLKKALKLLKKALKLLKKALKLLKKIA,-287.731,0.000,-648.127,180.702,-190.400,1.378,19.717,60.390,438.567,-5.029,0.000,-3.264,-100.814,-21.002,-2.000,0.000,5.130,-15.825,0.000,0.405,-25.454,16.302,0.000
Re-chained_monomermutate02_design_51,QLLLEEAEEDGEMAAEIEEIAEIIEADGGSLKKALKLLKKALKLLKKALKLLKKIAQLLLEEAEEDGEMAAEIEEIAEIIEADGGSLKKALKLLKKALKLLKKALKLLKKIA,-287.747,0.000,-657.454,179.095,-170.251,1.309,16.852,67.269,432.162,0.000,0.000,-3.264,-101.469,-23.461,-2.000,0.000,4.339,-19.558,0.000,0.399,-29.223,15.908,0.000
Re-chained_monomermutate02_design_98,EELEQIGQMLGELAEILEAAAEIDEEEDGSLKKALKLLKKALKLLKKALKLLKKIAEELEQIGQMLGELAEILEAAAEIDEEEDGSLKKALKLLKKALKLLKKALKLLKKIA,-287.870,0.000,-651.975,183.424,-169.089,1.335,18.646,64.010,421.373,-3.748,0.000,-2.037,-102.319,-22.312,-2.000,0.000,8.310,-16.969,0.000,0.474,-25.589,9.072,0.000
Re-chained_monomermutate02_design_22,ELLEEIAQMLGAIAELDEELEAEGEEADGSLKKALKLLKKALKLLKKALKLLKKIAELLEEIAQMLGAIAELDEELEAEGEEADGSLKKALKLLKKALKLLKKALKLLKKIA,-287.977,0.000,-636.528,176.306,-177.600,1.280,18.853,58.789,424.446,-4.506,0.000,-4.097,-100.680,-21.271,-2.000,0.000,6.486,-16.015,0.000,0.427,-26.780,13.339,0.000
Re-chained_monomermutate02_design_73,EELEEIAEMNGEIAALLEELEAIGEEQDGSLKKALKLLKKALKLLKKALKLLKKIAEELEEIAEMNGEIAALLEELEAIGEEQDGSLKKALKLLKKALKLLKKALKLLKKIA,-288.031,0.000,-643.085,180.840,-175.065,1.306,19.823,61.329,422.791,-4.209,0.000,0.000,-100.719,-23.176,-2.000,0.000,6.398,-16.761,0.000,0.466,-25.640,8.136,0.000
Re-chained_monomermutate02_design_93,DEELEIAEMLGEIAEELEALNEVGYEADGSLKKALKLLKKALKLLKKALKLLKKIADEELEIAEMLGEIAEELEALNEVGYEADGSLKKALKLLKKALKLLKKALKLLKKIA,-288.242,0.000,-642.297,177.558,-178.093,1.321,19.262,62.386,424.097,-7.288,0.000,0.000,-101.425,-21.020,-2.000,0.000,7.908,-17.184,0.000,0.425,-27.504,14.038,0.000
Re-chained_monomermutate02_design_97,SELEEIAELNGEIAEELEAMAQEGEEADGSLKKALKLLKKALKLLKKALKLLKKIASELEEIAELNGEIAEELEAMAQEGEEADGSLKKALKLLKKALKLLKKALKLLKKIA,-288.896,0.000,-640.053,177.366,-169.195,1.204,16.974,65.586,422.151,-5.041,0.000,0.000,-99.758,-22.283,-2.000,0.000,6.387,-17.164,0.000,0.410,-27.346,2.275,0.000
Re-chained_monomermutate02_design_7,EELEEIAEMLGEIAKMLEAMEEEGEEQDGSLKKALKLLKKALKLLKKALKLLKKIAEELEEIAEMLGEIAKMLEAMEEEGEEQDGSLKKALKLLKKALKLLKKALKLLKKIA,-288.948,0.000,-655.997,194.945,-183.554,1.304,20.033,62.003,439.322,-4.243,0.000,-1.826,-100.175,-22.287,-2.000,0.000,5.369,-16.065,0.000,0.457,-27.766,-0.012,0.000
Re-chained_monomermutate02_design_80,EEEEEIAALLGEIAEELRQLNEEGEEADGSLKKALKLLKKALKLLKKALKLLKKIAEEEEEIAALLGEIAEELRQLNEEGEEADGSLKKALKLLKKALKLLKKALKLLKKIA,-289.097,0.000,-644.162,189.229,-192.300,1.290,22.589,58.991,448.930,-4.659,0.000,-6.241,-101.473,-19.944,-2.000,0.000,7.961,-16.169,0.000,0.401,-27.715,-5.425,0.000
Re-chained_monomermutate02_design_8,EELEEIAELDGEIAKLMEEQEEIAHEADGSLKKALKLLKKALKLLKKALKLLKKIAEELEEIAELDGEIAKLMEEQEEIAHEADGSLKKALKLLKKALKLLKKALKLLKKIA,-289.235,0.000,-659.729,192.216,-180.844,1.309,20.935,63.855,444.533,-4.648,0.000,-2.532,-101.210,-21.778,-2.000,0.000,7.375,-18.470,0.000,0.511,-29.823,-0.425,0.000
Re-chained_monomermutate02_design_20,EEEEEIAEMLGEIAALLEEMAQQGEEIDGSLKKALKLLKKALKLLKKALKLLKKIAEEEEEIAEMLGEIAALLEEMAQQGEEIDGSLKKALKLLKKALKLLKKALKLLKKIA,-289.786,0.000,-646.339,190.230,-184.544,1.331,20.818,65.658,422.605,-4.396,0.000,-3.692,-102.617,-21.109,-2.000,0.000,6.479,-16.240,0.000,0.463,-25.877,7.906,0.000
Re-chained_monomermutate02_design_75,EEELEIAEMLGEIAILLEQLAEEGEAEDGSLKKALKLLKKALKLLKKALKLLKKIAEEELEIAEMLGEIAILLEQLAEEGEAEDGSLKKALKLLKKALKLLKKALKLLKKIA,-289.801,0.000,-641.902,178.036,-185.004,1.347,21.631,63.470,422.129,-4.397,0.000,0.000,-101.813,-20.579,-2.000,0.000,8.275,-18.295,0.000,0.404,-26.838,14.139,0.000
Re-chained_monomermutate02_design_37,DEELEIAIMDGEIAAELLEVAELQELEDGSLKKALKLLKKALKLLKKALKLLKKIADEELEIAIMDGEIAAELLEVAELQELEDGSLKKALKLLKKALKLLKKALKLLKKIA,-292.853,0.000,-661.574,177.614,-186.857,1.369,20.195,61.721,441.599,-3.732,0.000,0.000,-102.679,-21.957,-2.000,0.000,6.555,-18.249,0.000,0.417,-27.003,20.144,0.000
Re-chained_monomermutate02_design_35,SILEEIGEEDELIAQWLEWDAEVAEEQDGSLKKALKLLKKALKLLKKALKLLKKIASILEEIGEEDELIAQWLEWDAEVAEEQDGSLKKALKLLKKALKLLKKALKLLKKIA,-293.808,0.000,-663.816,184.289,-182.276,1.389,21.319,63.021,440.779,-3.722,0.000,-3.823,-100.485,-22.753,-2.000,0.000,5.322,-17.343,0.000,0.389,-28.807,13.096,0.000
Re-chained_monomermutate02_design_14,EEADEIAAMLGEEAELLEKDAEMAEENDGSLKKALKLLKKALKLLKKALKLLKKIAEEADEIAAMLGEEAELLEKDAEMAEENDGSLKKALKLLKKALKLLKKALKLLKKIA,-294.289,0.000,-644.390,183.831,-199.951,1.203,18.914,63.406,444.178,-7.014,0.000,-2.009,-100.501,-16.722,-2.000,0.000,8.947,-16.902,0.000,0.454,-28.232,0.954,0.000
Re-chained_monomermutate02_design_30,DEELEIGEMLGEIAELLEEIAALDEAQDGSLKKALKLLKKALKLLKKALKLLKKIADEELEIGEMLGEIAELLEEIAALDEAQDGSLKKALKLLKKALKLLKKALKLLKKIA,-295.831,0.000,-648.861,175.681,-180.994,1.327,19.676,62.173,423.229,-3.627,0.000,0.000,-101.399,-22.642,-2.000,0.000,6.938,-17.571,0.000,0.466,-26.215,16.455,0.000
Re-chained_monomermutate02_design_86,EELEEIAQMLGEIAAELEEMAEMGEQEDGSLKKALKLLKKALKLLKKALKLLKKIAEELEEIAQMLGEIAAELEEMAEMGEQEDGSLKKALKLLKKALKLLKKALKLLKKIA,-297.417,0.000,-660.626,191.799,-179.215,1.279,21.686,68.150,420.593,-3.486,0.000,-7.130,-100.302,-19.986,-2.000,0.000,6.490,-16.249,0.000,0.459,-27.035,6.614,0.000
Re-chained_monomermutate02_design_31,EEELEIAEMNGEIAEQLYLIAEIEEEQDGSLKKALKLLKKALKLLKKALKLLKKIAEEELEIAEMNGEIAEQLYLIAEIEEEQDGSLKKALKLLKKALKLLKKALKLLKKIA,-297.708,0.000,-672.502,189.058,-180.867,1.383,20.624,64.054,445.827,-3.869,0.000,0.000,-101.342,-23.235,-2.000,0.000,6.379,-19.538,0.000,0.509,-27.119,3.437,0.000
Re-chained_monomermutate02_design_99,EELEEIAKMLGELAEELEALAELQEEEDGSLKKALKLLKKALKLLKKALKLLKKIAEELEEIAKMLGELAEELEALAELQEEEDGSLKKALKLLKKALKLLKKALKLLKKIA,-298.356,0.000,-652.424,190.871,-170.767,1.303,19.556,63.887,420.512,-4.511,0.000,0.000,-102.323,-22.477,-2.000,0.000,6.060,-18.216,0.000,0.463,-29.598,-0.227,0.000
Re-chained_monomermutate02_design_2,EEEDLIAEMLGEIAEWMAIDEEINESTDGSLKKALKLLKKALKLLKKALKLLKKIAEEEDLIAEMLGEIAEWMAIDEEINESTDGSLKKALKLLKKALKLLKKALKLLKKIA,-304.090,0.000,-696.844,186.133,-193.822,1.396,19.851,67.016,456.332,-3.581,0.000,0.000,-101.166,-22.709,-2.000,0.000,7.246,-15.066,0.000,0.585,-25.505,16.630,0.000
Re-chained_monomermutate02_design_13,EELEEIAEMLGQIAEELLEIAELDAEQDGSLKKALKLLKKALKLLKKALKLLKKIAEELEEIAEMLGQIAEELLEIAELDAEQDGSLKKALKLLKKALKLLKKALKLLKKIA,-309.469,0.000,-660.491,183.096,-180.168,1.350,20.017,65.633,417.887,-3.633,0.000,-4.117,-99.043,-21.592,-2.000,0.000,6.435,-18.202,0.000,0.424,-27.439,10.799,0.000
